KINYARA SUGAR L.T.D.  WARD (04),KINYARA SUGAR L T D WARD (04)
KASANA P.W.D WARD (22),KASANA P W D WARD (22)
SEN. QUARTERS WARD (07),SEN QUARTERS WARD (07)
KABAALE T.C A (03),KABAALE T C A (03)
NYABYEYA  T/C (08),NYABYEYA T/C (08)
MABAALE T.C WEST (07),MABAALE T C WEST (07)
MABAALE T.C NORTH (03),MABAALE T C NORTH (03)
MABAALE T.C EAST (28),MABAALE T C EAST (28)
ST. EDWARDS BUKUUMI (13),ST EDWARDS BUKUUMI (13)
RANCH NO.1 (04),RANCH NO 1 (04)
RANCH NO. 4 (01),RANCH NO 4 (01)
RANCH NO. 8 (02),RANCH NO 8 (02)
RANCH NO. 25 VET. (03),RANCH NO 25 VET (03)
LWEBITAKULI T.C (07),LWEBITAKULI T C (07)
KASAMBYA T.C. (17),KASAMBYA T C (17)
NTETE T.C (23),NTETE T C (23)
KABAGGOLO  B (02),KABAGGOLO B (02)
KANNAMBA D.F.I. (01),KANNAMBA D F I (01)
MPUMUDDE T.C (13),MPUMUDDE T C (13)
KICWAMBA T.C (09),KICWAMBA T C (09)
BUKOMANSIMBI T.C (03),BUKOMANSIMBI T C (03)
KAGOLOGOLO T.C (02),KAGOLOGOLO T C (02)
KITOMA S.S (04),KITOMA S S (04)
BUTAYUNJA T.C (03),BUTAYUNJA T C (03)
MISANVU T.C (06),MISANVU T C (06)
BUYOGA T.C (01),BUYOGA T C (01)
NABUTONGWA T.C (07),NABUTONGWA T C (07)
NTALE T.CENTRE (05),NTALE T CENTRE (05)
KYETUME T.C A (12),KYETUME T C A (12)
KYETUME T.C B (12),KYETUME T C B (12)
BIJAABA T.C (04),BIJAABA T C (04)
T.D.O CELL (02),T D O CELL (02)
MYANZI T.C. (09),MYANZI T C (09)
KUMBU H.E (06),KUMBU H E (06)
MASAKA S.S.S (08),MASAKA S S S (08)
KYABAKUZA T.C (04),KYABAKUZA T C (04)
U.T.C MASAKA (08),U T C MASAKA (08)
ST.HENRYS COLLEGE KITOVU (06),ST HENRYS COLLEGE KITOVU (06)
KITENGEESA T.C. (03),KITENGEESA T C (03)
MPUGWE T.C (06),MPUGWE T C (06)
ST. ALOYSIUS A (03),ST ALOYSIUS A (03)
ST. ALOYSIUS B (04),ST ALOYSIUS B (04)
NGORA INS. COMP A (01),NGORA INS COMP A (01)
NGORA INS. COMP B (02),NGORA INS COMP B (02)
NGORA INS. COMP C (03),NGORA INS COMP C (03)
LWABOBA T.C (29),LWABOBA T C (29)
NYONDO P.T.C (13),NYONDO P T C (13)
ST. PETERS COLLEGE (04),ST PETERS COLLEGE (04)
MUKUJU CORE P.T.C (10),MUKUJU CORE P T C (10)
TINDO  CENTRAL (17),TINDO CENTRAL (17)
MIWU T.C (10),MIWU T C (10)
KYAMBOGO T.C (12),KYAMBOGO T C (12)
NALUGUGU T.C (31),NALUGUGU T C (31)
KIGOMU T.C (13),KIGOMU T C (13)
STORE T.C (19),STORE T C (19)
KIYEMBE T.C (11),KIYEMBE T C (11)
BUNABUSUSU T.C (02),BUNABUSUSU T C (02)
NAMAWUGULU T.C (14),NAMAWUGULU T C (14)
PATTO T.C (15),PATTO T C (15)
NAMAPANGA T.C (13),NAMAPANGA T C (13)
KISANJA T.C (15),KISANJA T C (15)
BUKUMBALE T.C (02),BUKUMBALE T C (02)
KAVULE T.C (01),KAVULE T C (01)
BUBUNGI T.C (02),BUBUNGI T C (02)
SHIYANZA T.C (10),SHIYANZA T C (10)
NAMETSI T.C (16),NAMETSI T C (16)
LWANGOYE T.C (02),LWANGOYE T C (02)
MUKANGA T.C (07),MUKANGA T C (07)
MUSISI T.C (10),MUSISI T C (10)
NANGAKO T.C (19),NANGAKO T C (19)
BUMWALYE T.C (02),BUMWALYE T C (02)
KUUSHU T.C (09),KUUSHU T C (09)
NANGARA T.C (08),NANGARA T C (08)
KIKHOLO T.C (07),KIKHOLO T C (07)
BUYAGA S.S (04),BUYAGA S S (04)
GIMADU T.C (01),GIMADU T C (01)
MAYILA T.C (04),MAYILA T C (04)
BULAGO T.C (01),BULAGO T C (01)
NAKWEKWE T.C (11),NAKWEKWE T C (11)
KIBAYA T.C (22),KIBAYA T C (22)
MADAMA T.C (26),MADAMA T C (26)
MAGABO T.C (27),MAGABO T C (27)
KIGANDA T.C (02),KIGANDA T C (02)
BUGATISA T.C (24),BUGATISA T C (24)
GIMADU T.C (25),GIMADU T C (25)
MASOLA T.C (25),MASOLA T C (25)
MASAKA T.C (01),MASAKA T C (01)
LINE T.C (02),LINE T C (02)
NAMAGUDE T.C (10),NAMAGUDE T C (10)
KAGOLO T.C (01),KAGOLO T C (01)
BUGIMWERA T.C (01),BUGIMWERA T C (01)
KINGANDA T.C (04),KINGANDA T C (04)
MASOLA T.C (29),MASOLA T C (29)
NIGGO T.C (33),NIGGO T C (33)
KINGANDA T.C (04),KINGANDA T C (04)
SUGUTA T.C (12),SUGUTA T C (12)
NAKIZUBO T.C (02),NAKIZUBO T C (02)
KIDIBO T.C (01),KIDIBO T C (01)
NAKIZUNGU T.C (08),NAKIZUNGU T C (08)
JAMBULA T.C (02),JAMBULA T C (02)
MUVULE T.C (03),MUVULE T C (03)
NEMBA T.C (05),NEMBA T C (05)
KIKUYU T.C (02),KIKUYU T C (02)
KALITUSI T.C (04),KALITUSI T C (04)
MARAMA T.C (05),MARAMA T C (05)
KYUMA T.C (05),KYUMA T C (05)
KABEMBE T.C (08),KABEMBE T C (08)
BUMUGIBOLE T.C (02),BUMUGIBOLE T C (02)
BUMUGIBOLE T.C II (12),BUMUGIBOLE T C II (12)
BUSETA  CENTRAL (04),BUSETA CENTRAL (04)
ST. MICHAEL (03),ST MICHAEL (03)
MUNAMBA T.C (14),MUNAMBA T C (14)
MUNAMBA T.C (18),MUNAMBA T C (18)
MAGALE T.C (10),MAGALE T C (10)
SOSYO C.O.U (05),SOSYO COU (05)
ST. PHILLIP (11),ST PHILLIP (11)
NANDAUYA T.C (06),NANDAUYA T C (06)
ST. ANDREWS (09),ST ANDREWS (09)
BUWAMWANGU T.C (08),BUWAMWANGU T C (08)
MATALE T.C (18),MATALE T C (18)
ST. FRANCIS (06),ST FRANCIS (06)
U.E.B (07),U E B (07)
ST. MBAGA (08),ST MBAGA (08)
ST. BENDECT (06),ST BENDECT (06)
B1 - MIN. OF WORKS (01),B1 - MIN OF WORKS (01)
REG. CO-OP. I (30),REG CO-OP I (30)
ST. ANNE (09),ST ANNE (09)
ST. FRANCIS (01),ST FRANCIS (01)
ST. LUCIA (02),ST LUCIA (02)
D.F.I. (02),D F I (02)
U.E.B (06),U E B (06)
NYENGA S.S. (10),NYENGA S S (10)
NYENGA HOSP. (12),NYENGA HOSP (12)
KOTIDO S.S.S & MISSION (07),KOTIDO S S S & MISSION (07)
ST. JOSEPH (09),ST JOSEPH (09)
LOKOPO T.C (07),LOKOPO T C (07)
LOKOPO T.C WEST (09),LOKOPO T C WEST (09)
LOPEEI T.C (08),LOPEEI T C (08)
LOKUPOI T.C (03),LOKUPOI T C (03)
APEITOLIM T.C EAST (01),APEITOLIM T C EAST (01)
APEITOLIM T.C WEST (03),APEITOLIM T C WEST (03)
MATANY T.C EAST (08),MATANY T C EAST (08)
MATANY T.C WEST (09),MATANY T C WEST (09)
LOLET T.C (05),LOLET T C (05)
K.D.A (11),K D A (11)
1.1 (01),1 1 (01)
Q.6 (12),Q 6 (12)
F.F.1 (03),F F 1 (03)
G.G.3 (04),G G 3 (04)
NANKANDULO  T.C (07),NANKANDULO T C (07)
LWANYAMA T.C (06),LWANYAMA T C (06)
U.C.B. (06),U C B (06)
ST. MULUMBA (03),ST MULUMBA (03)
N.T.C KALIRO (04),N T C KALIRO (04)
NALUEWERERE T.CENTRE (05),NALUEWERERE T CENTRE (05)
KABALONGO T.C (03),KABALONGO T C (03)
BEKULA T.C (08),BEKULA T C (08)
KIRONGO T.C (02),KIRONGO T C (02)
BUKWAYA/BUTOOLI T.C (03),BUKWAYA/BUTOOLI T C (03)
KIRUMYA T.C. (02),KIRUMYA T C (02)
SAAD MEM SEC. SCH (09),SAAD MEM SEC SCH (09)
ST. JOHN SEMINARY KIBURARA (10),ST JOHN SEMINARY KIBURARA (10)
KAJWENGE T.C (01),KAJWENGE T C (01)
ST. THERESA GIRLS S.S (09),ST THERESA GIRLS S S (09)
KARAMBI T.CENTRE (04),KARAMBI T CENTRE (04)
NAMUHUGA N. EAST (01),NAMUHUGA N EAST (01)
NAMUHUGA N. WEST (02),NAMUHUGA N WEST (02)
KABURISOKE  (K) (01),KABURISOKE (K) (01)
KIGOYERA T.C (06),KIGOYERA T C (06)
KATOOKE T.C (08),KATOOKE T C (08)
ST. MATHEW (03),ST MATHEW (03)
ST. LEO's (11),ST LEO's (11)
AKOKORO S.S (03),AKOKORO S S (03)
IBUJE S.S (08),IBUJE S S (08)
ADAGANI T.C (16),ADAGANI T C (16)
DELE T.C (30),DELE T C (30)
ALONI P.7 SCHOOL (01),ALONI P 7 SCHOOL (01)
AGWEDOLA T.C (28),AGWEDOLA T C (28)
OLOK T.C (21),OLOK T C (21)
AGOBA T.C (31),AGOBA T C (31)
ALERE T.C (24),ALERE T C (24)
TELELA T.C (27),TELELA T C (27)
ANGET T.C (11),ANGET T C (11)
ADYENG T.C (22),ADYENG T C (22)
BAR RIO T.C (21),BAR RIO T C (21)
AMWA COMPREHENSIVE S.S (08),AMWA COMPREHENSIVE S S (08)
P.O BAR AJONGA (30),P O BAR AJONGA (30)
OBOKOLOT WEST. (06),OBOKOLOT WEST (06)
OLILIM  LOCAL VILLAGES (02),OLILIM LOCAL VILLAGES (02)
OGWETE  P.S. (16),OGWETE P S (16)
OTUKE S.S (33),OTUKE S S (33)
PWD NO.2 (11),PWD NO 2 (11)
PWD NO.3 (12),PWD NO 3 (12)
K.C.C (12),K C C (12)
ABOKE HIGH SCH. (01),ABOKE HIGH SCH (01)
OPOTA T.C (12),OPOTA T C (12)
ADUKU S.S.S. (01),ADUKU S S S (01)
ADYEDA T.C (02),ADYEDA T C (02)
ST. JOSEPH (03),ST JOSEPH (03)
KIZINDA T.C (06),KIZINDA T C (06)
RWENJERU T.C (08),RWENJERU T C (08)
KABALE N.T.C (03),KABALE N T C (03)
"KASHAKI ?, (03)",KASHAKI (03)
BUNAGANA T. CENTRE (01),BUNAGANA T CENTRE (01)
KYENSHAMA T.C (21),KYENSHAMA T C (21)
RUHAAMA T.C. (08),RUHAAMA T C (08)
KASAANA C.I (08),KASAANA C I (08)
KASAANA C.II (09),KASAANA C II (09)
KISIIZI HOSP. CELL (10),KISIIZI HOSP CELL (10)
BWAMBARA T .C (02),BWAMBARA T C (02)
RWABUKOBA S.S.S (09),RWABUKOBA S S S (09)
KASHENYI S.S. (03),KASHENYI S S (03)
BIKURUNGU T.C (01),BIKURUNGU T C (01)
IMMACULATE HEART S.S.S (01),IMMACULATE HEART S S S (01)
ST. GERALD'S S.S.S (07),ST GERALD'S S S S (07)
RWENKOBWA T.C (18),RWENKOBWA T C (18)
KANYANYA K. (03),KANYANYA K (03)
"""NKONGORO (RANCHES 13 (02)",NKONGORO (RANCHES 13 (02)
"""NYANKUMBA (RANCHES 17 (04)",NYANKUMBA (RANCHES 17 (04)
NYAKAMBU T.C (13),NYAKAMBU T C (13)
KASHEKURO T.C (19),KASHEKURO T C (19)
KISHABYA T.C EAST (06),KISHABYA T C EAST (06)
KISHAMBYA T.C WEST (07),KISHAMBYA T C WEST (07)
MAILO T.C (02),MAILO T C (02)
RWABUZA T.C (06),RWABUZA T C (06)
KAGATI T.C (11),KAGATI T C (11)
KASAANA T.C (11),KASAANA T C (11)
KIBAATI T.C (12),KIBAATI T C (12)
BUGONGI T.C (02),BUGONGI T C (02)
BITEREKO T.C (01),BITEREKO T C (01)
MUTARA T.C (09),MUTARA T C (09)
BWINDI T.C (03),BWINDI T C (03)
"BUGARIHE I?,SP MAY 2022 (02)",BUGARIHE I SP (02)
N.T.C (08),N T C (08)
VURRA S.S.S (08),VURRA S S S (08)
B. BURA (08),B BURA (08)
K. BURA (10),K BURA (10)
YIVU P.7/PIO (12),YIVU P 7/PIO (12)
YIVU S.S (08),YIVU S S (08)
PAIDHA T.T.C (10),PAIDHA T T C (10)
PANYANGO S.S (18),PANYANGO S S (18)
ALIBU/DIMU T.C (02),ALIBU/DIMU T C (02)
ST. LUKE MISSION (05),ST LUKE MISSION (05)
RHINO CAMP S. S (08),RHINO CAMP S S (08)
OLUODRI T.C (06),OLUODRI T C (06)
ADUMI S.S. (02),ADUMI S S (02)
OTUMBARI S.S.S. (15),OTUMBARI S S S (15)
